{
    "create_cluster": 326.322,
    "install_operators": 14.168020486831665,
    "experiment_finished": "2024-04-14 19:57:35.141390",
    "delete_cluster": 220.149
}