{
    "create_cluster": 351.919,
    "install_operators": 14.47904348373413,
    "experiment_finished": "2024-04-14 20:21:59.504582",
    "delete_cluster": 217.405
}