{
    "create_cluster": 370.167,
    "install_operators": 14.480078220367432,
    "experiment_finished": "2024-04-24 23:27:26.935074",
    "delete_cluster": 229.54
}