{
    "create_cluster": 327.883,
    "install_operators": 13.60301685333252,
    "experiment_finished": "2024-04-25 01:05:38.634767",
    "delete_cluster": 226.339
}