{
    "create_cluster": 388.38,
    "install_operators": 14.016363620758057,
    "experiment_finished": "2024-04-25 00:19:59.025148",
    "delete_cluster": 226.28
}