{
    "create_cluster": 351.919,
    "install_operators": 14.47904348373413,
    "experiment_finished": "2024-04-14 20:20:16.476294",
    "delete_cluster": 217.405
}