{
    "create_cluster": 325.244,
    "install_operators": 14.664201736450195,
    "experiment_finished": "2024-04-15 01:59:18.093260",
    "delete_cluster": 232.484
}