{
    "create_cluster": 354.428,
    "install_operators": 14.06096601486206,
    "experiment_finished": "2024-04-15 02:41:22.870584",
    "delete_cluster": 220.287
}