{
    "create_cluster": 326.322,
    "install_operators": 14.168020486831665,
    "experiment_finished": "2024-04-14 20:06:11.977687",
    "delete_cluster": 220.149
}